{"cameraMode":{"drawMode":0,"name":"Shaded","section":"Shading Mode"},"sceneLighting":true,"audioPlay":false,"sceneViewState":{"m_AlwaysRefresh":false,"showFog":true,"showSkybox":false,"showFlares":true,"showImageEffects":true,"showParticleSystems":true,"showVisualEffectGraphs":true,"m_FxEnabled":true},"in2DMode":false,"pivot":{"x":-5.880322456359863,"y":1.0860002040863038,"z":3.4923410415649416},"rotation":{"x":-0.27683699131011965,"y":0.29152432084083559,"z":-0.08855689316987992,"w":-0.9113467335700989},"size":12.12435531616211,"orthographic":false}